seqId,bookingSystem,instrumentId,tradeCurrency,tradeEvent,lifecycleStatus,clearedTradeStatus,settledTradeStatus,notional,staticTraderId,staticMoId,staticSalespersonId,staticCounterpartyId,staticBookId
0,Calypso,5113,CNY,,novation,Cleared,,23673799.335,919774,811,386797,910078,95
1,Anvil,9667,CNY,,novation,,,64968995.430,112126,868,,884863,114
2,Aladdin,805,AUD,inception,block,,,92767709.195,633437,597,,369181,38
3,ION,7577,SEK,,novation,,,-44873175.738,866209,590,626395,697995,184
4,Anvil,6302,JPY,,reissue,,,-79878495.957,731262,574,585953,134841,122
5,Calypso,364,SEK,,reissue,,Pre,-79699956.125,307403,351,,146114,198
6,MySys,9185,CHF,inception,compression,,,-11537193.260,530333,570,387951,855698,113
7,Calypso,2809,SEK,,full,Cleared,,-22396552.937,689629,193,,677688,176
8,Calypso,4183,USD,,cancel,,,51096953.452,550740,467,888903,278223,127
9,SwapsWire,6786,EUR,,clearing,,,,887692,979,,463729,55
10,LoanIQ,5209,GBP,,new,,,89300510.834,919867,750,693654,913520,75
11,Anvil,1511,CNY,,exercise,,,-42093829.273,598652,479,,270743,15
12,Calypso,9087,CNY,cancel,allocation,,,78879955.643,668215,975,169630,777661,2
13,Calypso,5849,GBP,,assignment,,,-87228410.211,735114,452,216809,295317,190
14,MX,5464,SEK,inception,allocation,,,-35507937.024,554352,202,305575,966725,164
15,MX,8424,CHF,,amend,,,-91873594.671,861293,161,,972087,181
16,BBG,7579,CHF,cancel,exercise,,,-22286221.970,867836,657,,561651,14
17,MX,8101,CAD,,compression,,,-1633808.181,748612,152,476568,454829,95
18,BBG,1053,GBP,,cancel_and_reissue,,,26462528.011,221621,623,224096,821636,175
19,ION,1892,AUD,,clearing,,,-2766979.850,950918,572,,839461,156
20,MX,4260,SEK,amendment,clearing,,,37283620.860,928250,723,,430447,70
21,Aladdin,8935,EUR,,cancel,,,,874822,113,,226806,73
22,SwapsWire,6360,SEK,,cancel,,Settled,-51432262.008,369830,47,,180374,85
23,MX,6370,AUD,,new,,,-35865799.425,371832,951,357306,722844,90
24,Calypso,4535,EUR,,cancel_and_reissue,,,23747103.605,376497,629,249974,530164,153
25,MX,1209,USD,,novation,,,-43320699.228,918910,36,382758,582387,184
26,MX,5740,AUD,,full,,,-25639135.289,250728,382,235140,425829,84
27,Calypso,603,CHF,,new,,,,170183,687,705784,147713,200
28,MySys,7517,USD,,cancel,,,-10541620.950,577032,911,,456777,78
29,SwapsWire,498,JPY,,new,,,22501349.578,566327,878,,672781,192
30,SwapsWire,4903,EUR,,cancel,,,,716003,397,514403,202078,159
31,Calypso,444,EUR,,reissue,,,71998879.887,416835,45,175411,755204,162
32,MX,988,GBP,amendment,unwind,,,,546678,872,395197,606270,109
33,Calypso,5362,JPY,,amend,,,47216686.602,770596,860,,216217,72
34,BBG,8318,AUD,,exercise,,,10624554.015,631494,130,,564866,154
35,Anvil,2135,CNY,,exercise,,Pre,5287111.694,516091,221,698532,958511,63
36,Anvil,8217,GBP,,block,Cleared,,31566249.171,708075,357,762056,130655,5
37,BBG,625,GBP,,unwind,,,97359163.739,451260,264,765010,522355,185
38,MX,8689,CHF,,compression,,,,261194,684,,935688,125
39,Anvil,8059,USD,inception,assignment,,,47099943.091,350968,393,,600398,155
40,BBG,7214,AUD,,new,,,-42044480.153,295198,341,974992,614256,194
41,MySys,3534,SEK,,new,,,-27361385.090,398224,601,112011,149867,186
42,SwapsWire,7787,EUR,,step-in,,,-68519642.085,559042,606,347340,492180,144
43,Anvil,1900,CNY,,cancel,,Settled,89904029.722,477010,805,,581417,137
44,ION,2492,JPY,termination,unwind,,,61364787.534,962670,924,675332,335720,155
45,MX,2506,GBP,,full,,,65970467.879,742655,25,,148076,70
46,MX,432,CNY,cancel,step-in,,,19132630.747,383198,126,,681682,10
47,Anvil,6313,GBP,,novation,,,40081128.044,341551,999,,602423,118
48,MySys,717,AUD,,cancel,,,11184018.936,840528,813,,424284,167
49,LoanIQ,3169,CHF,,reissue,,,-22097002.101,793378,358,179930,426649,152
50,Aladdin,307,EUR,,cancel,,,30686871.554,516867,872,,157087,159
51,BBG,8266,SEK,,novation,,,,250542,147,,680106,176
52,ION,6785,JPY,,assignment,,,75302366.265,613260,931,,823631,4
53,MX,1120,CNY,,new,,Settled,-72433833.235,585198,408,969822,498698,46
54,Calypso,8356,CNY,,exercise,,,,820507,107,154415,134929,175
55,MySys,1614,GBP,,assignment,,Settled,53226307.739,780827,958,,374260,59
56,MX,3469,CAD,,full,,,55559001.007,603481,208,,839095,177
57,Calypso,9628,GBP,,partial,,,82433462.703,772248,881,419134,565818,200
58,MX,5955,SEK,,allocation,,,-77763008.674,657160,794,,837656,22
59,MX,7758,CAD,,compression,Cleared,,75731773.665,651781,709,,230459,178
60,SwapsWire,5883,AUD,,amend,,,-5464249.454,592000,853,238789,171992,191
61,MX,1411,EUR,,cancel,,,11655424.088,546973,932,888627,197806,46
62,MX,9470,GBP,,reissue,,,-53674231.041,771011,881,,226105,81
63,BBG,9159,GBP,,step-in,,,-10802589.127,327583,956,,452361,103
64,Anvil,6757,AUD,,amend,,,93516475.605,622562,94,,211651,73
65,Calypso,1165,SEK,,reissue,,,-86644256.805,319378,382,498500,791420,54
66,Aladdin,6408,USD,novation,allocation,,,14635170.960,290360,121,,221819,94
67,Calypso,5650,CNY,,cancel_and_reissue,Pre,,,790406,430,,314008,131
68,SwapsWire,876,AUD,,cancel,,,53149655.312,713582,193,,823871,178
69,MySys,9231,CAD,,exercise,,,-11724127.780,915511,556,,230372,135
70,LoanIQ,4256,SEK,,allocation,,,-12370736.315,700651,469,,779238,79
71,LoanIQ,213,CNY,,full,,,-72723693.355,546407,538,,549099,84
72,MySys,2392,USD,,cancel,,,67684215.279,452498,340,345672,248697,113
73,ION,7292,GBP,,block,,,-93641914.980,452708,374,279594,592818,111
74,MX,3316,SEK,,clearing,,,72245633.601,542464,782,,739902,139
75,Anvil,3485,SEK,,compression,,,-44635955.153,795190,820,,955678,123
76,MySys,5128,AUD,,full,,Settle_Issue,,499516,32,678607,885215,64
77,MX,8495,EUR,,unwind,,,61714028.616,510054,375,316455,452178,62
78,SwapsWire,7539,EUR,,full,,Pre,70821218.974,332637,301,,333688,47
79,LoanIQ,2434,CNY,,assignment,Cleared,,48396940.561,813317,63,,299990,99
80,MX,818,SEK,,assignment,,,45239156.599,251302,210,,565578,90
81,MySys,6269,USD,,full,Cleared,,,763663,200,,502553,60
82,Calypso,3808,CHF,,block,,,2874270.331,829089,901,561169,534094,87
83,MX,9683,USD,,assignment,,,87909430.110,265410,361,119120,125768,186
84,Aladdin,4999,GBP,,allocation,,,-29442279.431,929646,185,,654879,118
85,LoanIQ,8975,CAD,amendment,partial,Clearing_Issue,,-32174591.763,981334,275,652417,907389,161
86,MX,6081,EUR,novation,clearing,,,67745086.828,539801,101,344202,675808,108
87,MX,1385,GBP,termination,clearing,,,97249383.070,477707,28,466127,736310,179
88,MX,8784,SEK,,step-in,,,-49456903.023,119105,52,173478,364139,167
89,MX,7404,EUR,,full,,,7140489.707,391580,404,,176913,129
90,MX,1559,CAD,,novation,,,-19574919.952,772383,467,,144527,196
91,MX,1110,CAD,,amend,,,-64036489.515,540569,947,,321029,149
92,LoanIQ,1608,CHF,,cancel,,,-3260847.609,739724,600,265249,625236,114
93,ION,3687,EUR,amendment,novation,Cleared,,-35589190.955,786541,537,213102,537620,121
94,MX,2103,AUD,,block,,Settled,,183053,689,,709968,175
95,MX,9832,CAD,,novation,,,35279035.702,996005,92,870678,405272,120
96,MX,8236,USD,,cancel,,Settle_Issue,72885697.903,373763,591,,314054,61
97,MX,6639,EUR,,novation,,,-45829613.385,732811,867,765767,238604,116
98,ION,3188,EUR,,reissue,,,-62250907.570,353028,970,,169312,191
99,LoanIQ,9180,GBP,,block,,,-34589693.880,417176,736,,742084,31
100,ION,4159,GBP,,cancel,,,,325076,407,598192,305327,185
101,MX,6391,GBP,,clearing,,,,794542,645,502702,299591,48
102,Aladdin,3291,CAD,,amend,,,30814303.589,232085,241,,570844,148
103,Calypso,3595,EUR,amendment,block,,,-42441173.450,579301,490,,620109,43
104,LoanIQ,9370,JPY,,full,Cleared,,,718744,466,,735747,33
105,Anvil,5178,CAD,,cancel,,,,248307,822,171478,350694,157
106,MySys,9792,JPY,,new,,,18510786.773,886760,320,791303,572685,143
107,SwapsWire,2983,CAD,,novation,,,-22736463.001,157305,286,487882,616843,33
108,Calypso,4848,AUD,,step-in,,,41699873.964,208238,311,929250,803877,129
109,LoanIQ,6873,CNY,,step-in,,,,577688,655,,197003,169
110,ION,6778,EUR,,unwind,,,-7755185.274,944474,104,,388861,156
111,BBG,2459,CHF,,assignment,,,14188516.181,125628,310,450164,452302,119
112,Calypso,5891,CAD,,cancel_and_reissue,,,43565870.678,353613,880,398723,532682,141
113,MX,8186,CNY,novation,new,,,-11827761.877,615200,993,750301,947552,56
114,ION,7393,CAD,,clearing,,,-87159311.798,418784,381,788011,362829,111
115,BBG,6746,SEK,,step-in,,,-6062955.338,483325,647,,501467,14
116,Calypso,1560,AUD,,step-in,,,,988972,438,,502590,8
117,MX,8148,CNY,,clearing,,,,847958,934,598397,889838,9
118,MX,331,CNY,,amend,,Settled,-84633602.636,801890,821,495849,748997,101
119,MX,8497,USD,,compression,,,79272953.230,399241,547,326377,246653,156
120,Calypso,80,CHF,,cancel,,,-74840090.758,837639,173,833982,986974,159
121,MX,6709,CNY,,clearing,Cleared,,-21184010.753,485448,800,152599,753494,130
122,MX,9321,CHF,,clearing,,,,638488,814,340493,650477,178
123,MX,6430,SEK,,unwind,,,-26956476.097,125954,480,753214,677017,145
124,MySys,8687,CHF,,cancel,,Settled,28587473.555,167260,909,,776764,31
125,LoanIQ,5385,AUD,,assignment,,,,567769,422,787826,969241,18
126,MX,8098,GBP,,block,,,,133324,308,,811836,26
127,Calypso,1546,CNY,,block,Cleared,,-21232186.536,907346,895,240356,284056,95
128,BBG,5632,GBP,,full,,,-77988762.697,996663,771,533379,301287,54
129,LoanIQ,8098,CAD,,cancel,,,-31281736.126,978418,804,,632230,64
130,MX,7134,GBP,,compression,,,27883291.522,606912,241,907004,205127,18
131,MySys,1131,CNY,,amend,,,-39573969.178,912977,703,668152,469939,36
132,MX,9015,CHF,,amend,,,-8268064.545,421459,930,,502199,151
133,MX,6604,CAD,,cancel_and_reissue,,,24595763.809,271285,549,388251,154263,106
134,BBG,3175,JPY,,cancel_and_reissue,,,61225772.112,610658,139,159965,704435,136
135,LoanIQ,3829,AUD,,unwind,,,13792485.010,767028,776,,938836,64
136,LoanIQ,4134,JPY,,novation,,,78977159.792,730425,910,,492062,172
137,SwapsWire,9512,SEK,,assignment,,,32272920.735,943876,184,159465,766438,150
138,MX,6461,USD,,novation,,,-11202002.163,235859,96,947060,933010,159
139,MySys,7546,USD,,clearing,Cleared,,-1361922.477,885570,332,609194,116636,126
140,SwapsWire,7440,CHF,,assignment,,,,832061,819,,545953,122
141,MX,9520,EUR,,compression,,Settled,,963996,933,,834180,23
142,SwapsWire,1915,GBP,,unwind,,Pre,-13301952.314,889844,474,640958,745370,68
143,MX,7264,CNY,cancel,partial,,Settled,-94461419.184,843439,927,,617285,44
144,MySys,7728,EUR,,compression,,,-1279906.819,154467,493,574207,992888,75
145,LoanIQ,6556,CNY,,unwind,,Settled,-79910493.940,424096,838,838505,318629,94
146,Anvil,6479,USD,,exercise,,,,461784,172,,671189,185
147,BBG,5130,CNY,,reissue,,,,404401,144,480076,451188,152
148,ION,7854,GBP,,exercise,,Settled,-56835057.567,310441,541,,136154,124
149,Aladdin,2565,GBP,,unwind,,,54857719.034,634973,667,349417,372291,140
150,Calypso,8308,GBP,,cancel,Clearing_Issue,,-91253610.649,208462,201,,971750,85
151,Aladdin,8470,JPY,,novation,,,-84462604.705,429597,328,202930,523182,102
152,Calypso,8216,EUR,,amend,,,,370557,942,966814,919582,81
153,MX,1631,SEK,,full,,,,893344,182,130456,567448,50
154,SwapsWire,6834,CHF,cancel,amend,,Settled,-56046909.107,413586,745,825219,224278,88
155,Calypso,3433,JPY,,full,Cleared,,16205766.109,816682,855,,238555,11
156,MX,2425,CHF,,exercise,,,26545035.752,253713,11,259291,920609,154
157,ION,7908,AUD,novation,novation,,,,300391,141,,635529,123
158,MX,6360,SEK,,exercise,,,51487287.954,614987,264,767062,620720,193
159,MX,3111,CHF,,clearing,,Settled,11447297.329,704689,19,,570511,100
160,ION,2642,GBP,,partial,,,20190617.106,414864,385,,666428,150
161,SwapsWire,4758,CHF,,assignment,Cleared,,-65195608.182,534331,303,784745,177872,166
162,MX,2946,USD,,reissue,,,-24228026.499,853724,679,,730301,140
163,MX,105,CAD,,amend,,,-90543641.538,504184,679,,974727,148
164,MySys,1497,CAD,,unwind,,,69818433.893,667779,6,792325,231783,67
165,Aladdin,9463,EUR,,new,,,-52550669.628,437850,343,712189,168635,190
166,MX,6003,AUD,cancel,exercise,,,-47546253.433,483192,150,270512,183028,54
167,Calypso,1578,CAD,,assignment,,,93782144.663,982022,996,,494111,123
168,Aladdin,4252,GBP,,compression,,,,313607,18,812150,879545,44
169,MySys,3739,CAD,cancel,compression,,,89419951.492,603313,902,,883628,97
170,ION,1351,GBP,,clearing,,,99276235.101,859586,947,552522,144676,149
171,LoanIQ,2703,EUR,,compression,,,,335452,186,,440972,67
172,MX,5548,USD,,cancel_and_reissue,,,-76135518.513,704549,873,595995,828035,2
173,MX,5164,CNY,,step-in,,,-57752367.373,468835,900,677087,477077,24
174,SwapsWire,1375,CAD,cancel,unwind,,,-16268176.265,965476,754,,879025,102
175,MX,1082,USD,,amend,,Settled,57786438.719,459167,325,,746131,96
176,MX,974,JPY,,allocation,,,33816176.891,850955,431,,641387,160
177,LoanIQ,3056,SEK,,novation,,,46225440.132,817397,22,,665078,129
178,Calypso,437,USD,,allocation,,,,671462,755,,477219,22
179,MX,6048,EUR,,amend,,,-8352705.737,887786,156,547441,833088,111
180,MySys,8088,JPY,,exercise,,,6592847.752,376778,238,967065,877953,59
181,SwapsWire,8432,EUR,,cancel,,,-51043140.479,435154,586,,986575,162
182,Calypso,6039,GBP,,block,,Settled,-97163459.797,245317,560,,406392,59
183,BBG,6203,USD,,partial,,,94075967.030,145314,10,,878655,136
184,MX,4330,AUD,,compression,,,42399161.829,608114,278,163887,990949,178
185,Aladdin,4591,GBP,,block,,,82003771.818,881638,606,156623,619845,152
186,SwapsWire,2791,GBP,,novation,,,,303924,353,,768613,179
187,BBG,5758,AUD,,unwind,,,,962731,279,,614787,63
188,BBG,9359,AUD,,cancel,,,11164379.427,567517,285,,378191,59
189,BBG,1666,GBP,,full,,,,148405,760,,559196,114
190,Aladdin,1607,JPY,,full,,,42017560.911,694058,299,,824714,134
191,MX,6590,JPY,,amend,,,-59120433.794,712924,473,,577651,83
192,MySys,7677,AUD,,clearing,,,-41116143.995,937334,657,,752103,74
193,Calypso,9812,GBP,,novation,,,-72910690.334,365384,730,630575,725271,92
194,MX,9007,GBP,,assignment,,,,641720,941,,170676,30
195,LoanIQ,6407,CAD,,partial,,,-90411050.771,314103,768,,343333,112
196,BBG,9801,CHF,,reissue,,,-62937314.281,364682,509,209667,218225,38
197,MX,6594,CHF,,new,,,-77588269.665,948883,92,,788478,53
198,SwapsWire,1108,EUR,,novation,,,59827937.726,908804,336,,585693,36
199,MX,5009,USD,,novation,Cleared,Settle_Issue,-29697109.797,389444,698,911191,834193,178
200,Calypso,8509,GBP,,assignment,,,-86326977.909,295552,338,446855,864657,110
201,Calypso,3001,SEK,,unwind,,,96447117.075,219500,704,400414,744358,124
202,BBG,6388,AUD,,reissue,,,-28782337.350,728703,10,417381,762895,110
203,ION,6449,USD,,step-in,,,-80100271.985,534784,304,,583370,186
204,MX,5054,AUD,,compression,,,21951686.656,199441,672,147196,537488,153
205,SwapsWire,3823,CAD,,step-in,,,57086411.557,734134,922,996991,304025,74
206,BBG,8084,USD,,full,,,51822895.425,117398,367,,876366,118
207,BBG,6434,EUR,,reissue,Cleared,,94152318.589,371636,157,550320,543015,1
208,MX,9898,CNY,cancel,partial,Cleared,,-64505071.052,345832,961,,904652,69
209,BBG,674,CHF,,partial,,,-8979989.603,714467,413,,677864,180
210,ION,6845,JPY,,novation,,,9847885.450,413122,730,,642485,122
211,Anvil,6741,JPY,termination,step-in,Cleared,,43358804.771,811828,206,296534,256208,124
212,SwapsWire,291,SEK,,assignment,,,-78161011.776,988865,536,240540,870984,106
213,BBG,762,USD,,cancel_and_reissue,,,73451055.200,770001,586,,593817,83
214,MX,8602,AUD,,cancel,,,4197154.255,980448,886,,519406,11
215,Aladdin,8870,EUR,,novation,,,,424309,350,854437,542690,116
216,Anvil,9632,AUD,,novation,,,-79458249.191,148077,764,700312,842334,166
217,ION,9231,AUD,,clearing,,,,801707,848,,299409,138
218,LoanIQ,1606,GBP,,amend,,,,749981,10,337268,577504,62
219,Anvil,2781,CHF,,novation,,,-21255015.620,634818,20,,141244,183
220,Anvil,6658,CHF,,unwind,,,,645832,694,,329559,167
221,MySys,332,CHF,,partial,,,,642559,392,825763,518679,118
222,BBG,8338,CHF,,partial,,Settled,27842898.981,806440,816,554873,739186,152
223,MX,4970,AUD,,reissue,,,82639820.266,730337,719,881651,934684,100
224,Calypso,8408,JPY,,partial,Cleared,,97170065.265,653370,822,269666,533721,42
225,MX,3510,USD,,novation,,,-37794155.285,166682,224,141801,948048,167
226,Aladdin,7335,GBP,,full,,,,137068,771,862019,986753,164
227,Anvil,9281,JPY,,partial,,,,349342,366,,613614,62
228,MX,1121,EUR,,clearing,,,89040814.332,685418,923,,506290,148
229,Anvil,9151,USD,,novation,,Settled,,551551,60,599923,440883,133
230,Calypso,2500,CHF,,step-in,,,-17049468.818,443257,454,958741,226579,8
231,MX,9524,JPY,,new,,,-25396053.784,386647,515,710276,455445,12
232,Aladdin,5604,EUR,,novation,,,98084002.221,898701,879,944376,217612,45
233,MX,3432,AUD,,block,,Settled,35701696.772,446034,211,338245,155745,173
234,MX,2521,CNY,,block,,,-33856670.929,929939,165,843016,843474,148
235,Aladdin,8445,JPY,,partial,,Settled,,124033,665,,921869,69
236,MySys,9787,EUR,,full,,,40544794.950,218598,792,762127,197852,167
237,Calypso,4808,EUR,,clearing,,,-35388241.581,471090,781,679944,809245,150
238,Anvil,2421,USD,,compression,,,39845895.760,478869,57,,875457,150
239,Aladdin,6009,CNY,,novation,,,76275972.094,837209,264,755321,861391,59
240,SwapsWire,1949,CNY,,cancel,,,-3315191.998,506860,540,871815,866176,194
241,SwapsWire,441,JPY,,step-in,,Settled,74689557.408,786681,667,933987,980926,117
242,MX,3363,GBP,,exercise,,,,372459,802,,424620,132
243,MySys,4152,SEK,,cancel_and_reissue,,,86283311.388,247758,571,,825540,86
244,MX,5524,GBP,,step-in,,,,297881,629,,559329,161
245,BBG,8923,CHF,,block,,,77516863.359,300552,130,,692454,23
246,LoanIQ,3051,EUR,,new,,,74234781.102,646900,912,460749,259463,95
247,MX,4500,SEK,,novation,Cleared,,-16103318.176,289416,814,611373,875659,136
248,MX,4357,CHF,,assignment,Clearing_Issue,,,172283,869,,498693,81
249,Calypso,4582,GBP,,exercise,,,10530374.587,590327,655,,380988,1
250,Aladdin,6068,USD,,full,,,68486856.237,908950,623,960665,479662,69
251,MX,2546,CNY,,assignment,,,-79088225.618,350309,130,,356493,73
252,SwapsWire,596,AUD,,assignment,,,88110461.205,191964,404,,741784,105
253,SwapsWire,8804,SEK,,partial,,,-19933153.184,195853,842,258010,431258,28
254,Calypso,5656,SEK,,new,,,71394278.288,707461,473,,749550,26
255,BBG,6982,AUD,,novation,,,80757056.544,503317,466,933609,791695,83
256,SwapsWire,2433,USD,,block,,,-40206790.996,927007,933,460219,128797,194
257,Anvil,2954,JPY,,new,,,-92157982.136,198307,823,491989,341719,163
258,Calypso,1793,EUR,,step-in,Cleared,,,623796,996,,491062,52
259,Calypso,374,EUR,,novation,,,43177577.701,253190,899,728337,258731,193
260,BBG,4929,CAD,amendment,allocation,,,,253571,827,,700534,82
261,SwapsWire,858,CAD,,clearing,Cleared,,52190257.454,621812,72,734691,900939,134
262,MX,845,USD,,amend,,,81641219.344,295112,474,191873,309403,93
263,MX,4861,CHF,cancel,unwind,,,12034147.659,330953,31,,307082,179
264,MX,7124,JPY,,cancel,,,-20599197.784,879795,414,232704,779395,42
265,Calypso,8738,JPY,,step-in,,,-7851839.166,581303,824,,833509,120
266,Aladdin,5693,USD,,assignment,,,-89142911.904,735568,938,516712,185519,148
267,Calypso,1154,CNY,,reissue,,,-12323544.626,312612,167,,458362,13
268,MX,3213,CAD,,cancel_and_reissue,,,-34726195.566,908935,20,,469582,114
269,MX,1855,CAD,,compression,,,,308478,450,,284896,9
270,LoanIQ,2599,CAD,,assignment,,,-61371474.674,699621,720,,880409,175
271,LoanIQ,3833,SEK,,novation,,,-39161669.295,127827,348,719221,739534,187
272,ION,5128,AUD,,assignment,,,-24248184.453,701429,819,733164,862162,92
273,Anvil,833,EUR,,cancel_and_reissue,,,,701444,6,590242,349826,7
274,MX,2404,SEK,,full,,,60470333.834,174971,133,,265965,41
275,ION,7823,JPY,inception,clearing,,Settle_Issue,39323441.457,173992,761,382974,298365,141
276,MySys,9981,CNY,,full,,,-58393315.228,777236,176,940514,546022,15
277,Calypso,4830,SEK,,clearing,,,77766921.013,641571,329,,351460,196
278,Aladdin,9313,SEK,,cancel_and_reissue,,,-66338665.146,603159,188,531766,936311,122
279,MX,7049,AUD,,exercise,,,-67390125.122,866552,100,842724,664934,122
280,Aladdin,1086,JPY,,clearing,,,,553326,763,737301,850905,26
281,Anvil,2222,AUD,,step-in,,,,356888,718,,852214,97
282,ION,2756,SEK,,assignment,,,69259661.697,313842,23,,468598,135
283,Anvil,1456,CHF,,partial,,Settled,-36329982.253,623059,334,,835840,176
284,MX,5218,JPY,,novation,,,,324950,874,569267,628199,196
285,LoanIQ,8763,CHF,cancel,novation,,,-14441548.666,453051,527,,430201,67
286,MX,1796,CNY,,new,,,98974295.642,658504,313,,951987,141
287,MX,6099,EUR,termination,cancel,,,23306544.808,914931,816,417417,445199,157
288,MySys,3777,CHF,,block,,,95029018.061,886111,250,,352319,26
289,Anvil,5017,AUD,,full,,,4447707.630,528132,19,,996172,97
290,Calypso,3450,EUR,,unwind,,,40744722.601,147222,600,747969,349541,119
291,LoanIQ,1921,USD,,assignment,,,-58108579.085,693794,520,255129,128371,18
292,LoanIQ,7622,CAD,,amend,,,39341786.974,682039,627,,737475,121
293,ION,2713,USD,,compression,,,77194392.492,273405,359,142004,946946,64
294,MX,9180,CAD,,exercise,,,-72692417.483,505897,612,,323912,189
295,Aladdin,2464,CAD,,novation,,Settled,,676729,156,157518,230458,160
296,Anvil,2087,EUR,,clearing,Cleared,,46469516.274,119358,401,793291,759975,173
297,Calypso,3865,CHF,,block,,,-17439576.161,692125,938,,189235,2
298,Calypso,4961,AUD,,full,,,-13827362.005,223723,613,,881610,191
299,ION,6975,CHF,,assignment,,,-39151092.193,676102,975,819275,372035,52
300,MX,5079,JPY,,step-in,,,,177923,989,,502451,142
301,MX,8468,JPY,,block,,,-310087.527,436492,158,,205357,177
302,MX,2582,AUD,,step-in,,,-59892793.770,553652,395,,449084,163
303,MX,5047,AUD,,cancel,,,,171967,3,399768,151354,15
304,Calypso,9582,CAD,,partial,,Pre,-9577880.328,445894,516,600746,714894,111
305,MX,7512,AUD,,step-in,,,-14058355.022,786441,67,540890,367528,173
306,Aladdin,4671,GBP,,block,,,35365967.857,914709,254,959201,204919,76
307,Aladdin,2653,AUD,,unwind,,,,894189,556,831478,393608,146
308,MX,7739,SEK,,reissue,,,17414100.354,599955,798,549596,895244,72
309,MX,5262,EUR,,compression,,,-27497609.095,574095,947,,767649,151
310,Calypso,6556,CAD,,allocation,,,30388029.799,741629,917,,641733,4
311,MX,7472,JPY,,cancel,,Pre,,870751,848,541790,551610,155
312,Anvil,2392,CAD,,cancel_and_reissue,,,,345972,683,,192879,96
313,MX,9941,JPY,,amend,,,-25221169.105,866301,377,558909,211377,147
314,Anvil,2996,CNY,,clearing,,,-54015629.799,724135,394,301927,278164,21
315,SwapsWire,9453,GBP,,new,,,,907078,622,726882,836729,131
316,BBG,5681,SEK,,full,Cleared,,-41472663.080,498181,792,,984975,160
317,MX,9625,SEK,,amend,,,-58977046.240,805579,659,,813875,172
318,Calypso,6104,GBP,,clearing,,,95640163.046,865777,268,610367,481543,176
319,BBG,9114,JPY,,clearing,,,12296309.951,988001,300,633463,930060,119
320,SwapsWire,2474,EUR,,compression,Clearing_Issue,,25883598.599,991605,440,,860226,119
321,MX,560,GBP,,cancel,,,-73205625.623,691801,700,114108,284810,52
322,MX,9859,JPY,,amend,,,33409085.387,146492,843,,489927,130
323,MX,4498,AUD,,compression,,Pre,-66702933.027,616153,162,193760,436933,159
324,MX,4301,CAD,,reissue,,,95234260.935,131898,85,956287,197995,143
325,MX,1631,EUR,,cancel,,,,721318,819,,586377,150
326,BBG,2774,SEK,,reissue,,,-77266896.241,405459,893,,416425,177
327,Aladdin,2860,JPY,,exercise,,,-95111095.710,471998,789,976499,714646,55
328,MySys,3500,CHF,,partial,,,-73324353.537,754510,130,601192,646839,46
329,LoanIQ,8682,CHF,,clearing,,,33942284.950,852960,667,,385674,169
330,Aladdin,8926,GBP,novation,new,,,-73367614.632,794599,199,,589146,134
331,LoanIQ,6104,AUD,,block,,,-52456674.308,828766,548,849880,647600,181
332,Calypso,9888,CNY,,exercise,,,-93866029.754,999283,697,,238561,92
333,MX,3806,EUR,,full,Pre,,-2153884.121,199628,99,,690371,106
334,ION,8984,AUD,termination,amend,,Pre,52644705.017,379862,721,,448687,198
335,BBG,850,CHF,,assignment,,,73923761.538,579182,814,812723,168176,122
336,MX,5870,USD,,block,Cleared,,-64651276.681,954888,96,280238,508792,24
337,MX,3880,CAD,,clearing,,,,805181,863,855214,889484,80
338,BBG,761,USD,,partial,,,-20193113.119,566242,58,,281677,134
339,MX,9293,CAD,,allocation,,,,937112,148,746651,490930,13
340,SwapsWire,4609,CHF,,exercise,,,-24290835.139,874598,653,486903,965590,122
341,MX,7318,CAD,,block,,,-99606988.176,441611,686,,735698,131
342,Calypso,8385,GBP,,cancel,,Settled,-33102455.771,269571,191,,711091,160
343,MX,3268,CAD,,partial,,Settled,69840975.671,356717,811,,702774,1
344,BBG,277,EUR,,novation,,,56404864.633,851433,463,439132,893028,173
345,MX,4627,CNY,,allocation,,,,415748,498,164412,974917,99
346,MX,6969,SEK,,reissue,,,53873841.588,795352,943,,393919,10
347,Anvil,6852,AUD,,exercise,,,,358831,877,,366797,125
348,Aladdin,1515,CNY,,block,,,,330603,560,,453704,173
349,Anvil,7381,GBP,termination,clearing,,Settled,-16918270.307,419950,249,,158779,66
350,Aladdin,1046,JPY,,unwind,,,98272284.202,839863,267,,365492,174
351,ION,3542,CNY,novation,unwind,,,83774598.235,939754,961,,815270,24
352,Calypso,2499,USD,,allocation,,,39302682.349,927408,36,,676034,138
353,Anvil,759,AUD,,compression,Cleared,,-56339884.248,262781,787,,837224,167
354,Calypso,1127,EUR,,amend,,,,349530,772,595331,425193,14
355,ION,4059,CAD,,new,,Settle_Issue,-17763883.152,852382,658,550748,266087,110
356,MX,1210,CNY,,exercise,Cleared,,-81249618.384,680340,442,715180,279146,54
357,MX,6215,CAD,,new,,,83801141.985,139162,222,591529,685346,82
358,SwapsWire,5102,AUD,,clearing,,,,893738,119,224284,631729,133
359,SwapsWire,2810,CAD,,full,,,-79619707.229,950071,751,,569804,115
360,LoanIQ,7441,USD,novation,reissue,,,-2725289.855,429752,253,992551,898710,4
361,Calypso,802,JPY,,compression,,,13513978.876,244200,45,,818219,177
362,Aladdin,8573,CAD,,block,,,68028621.882,710034,953,773129,712744,102
363,Calypso,8260,USD,,full,Cleared,,-42665931.025,845539,761,,411521,82
364,Calypso,2347,CHF,,novation,,,92890411.898,296164,363,151715,388279,60
365,MX,3446,CNY,,exercise,,Settle_Issue,-81386081.191,281830,496,,221994,122
366,Anvil,630,CNY,,unwind,,,95601195.209,728105,197,,477017,101
367,MX,950,JPY,,assignment,,,,178441,987,,307285,85
368,Calypso,2835,AUD,,clearing,,Settled,-49427152.916,867427,103,259247,552186,160
369,Anvil,4598,JPY,,clearing,,,,665166,721,687624,172198,56
370,ION,5111,CAD,,novation,,,,707123,287,,122867,35
371,MX,1959,JPY,,clearing,,,81227331.960,690628,611,820502,198198,92
372,Calypso,5076,CNY,,step-in,,,-69959324.070,834252,11,181295,354056,96
373,Anvil,5532,CNY,,assignment,,Settled,,265258,767,,248019,137
374,MX,7065,USD,,amend,,,46520956.265,847182,332,278489,475995,161
375,Calypso,2204,CNY,,unwind,,,23953627.363,310869,941,126721,920009,80
376,ION,7952,CHF,,exercise,,,-25216423.790,212197,988,,555519,55
377,MX,3932,CAD,,assignment,,,93891149.653,936889,60,530982,511323,121
378,Aladdin,244,CNY,,novation,,,-93974733.880,255958,526,162908,261757,59
379,Anvil,6080,EUR,,allocation,,,-35896037.043,744156,342,646204,606654,88
380,MX,8971,CNY,,exercise,,,54469534.103,266432,232,876781,410361,92
381,MX,9631,USD,,cancel_and_reissue,,,16410758.756,124984,187,,651686,36
382,LoanIQ,7650,CAD,,assignment,,,-76522317.563,795253,844,,324156,196
383,MX,5944,JPY,,cancel,,,-83362945.770,686166,71,465716,431678,124
384,Calypso,3878,USD,,unwind,,,-75873032.709,711507,145,,686752,24
385,Anvil,2177,CHF,,reissue,,,-38596917.003,241885,993,,595137,189
386,MX,6438,GBP,,cancel,,,-6750095.367,995093,279,,185270,77
387,MX,8431,AUD,,block,,,46738354.228,690639,229,197908,392701,192
388,MX,8575,AUD,inception,allocation,,Settled,-53185981.083,920858,608,,291493,59
389,MX,7478,EUR,,exercise,,,-45226215.288,142953,796,,971608,45
390,Calypso,3662,CHF,,exercise,,,,743920,377,,547398,38
391,MX,8293,CHF,,allocation,,,,792680,737,,566658,146
392,Calypso,580,CHF,,partial,,,,755621,780,374421,460903,8
393,LoanIQ,4746,CHF,,compression,,,,728437,499,953932,730527,42
394,SwapsWire,945,CAD,,step-in,,,40967559.703,206881,8,884043,315777,77
395,Calypso,2845,USD,,reissue,,,-27636355.444,631899,246,,694545,177
396,Calypso,7220,CHF,,block,,,74545330.626,199695,666,240864,967393,4
397,MX,2694,USD,,full,,,-47327153.066,619231,910,,295979,7
398,MySys,6223,USD,,novation,,Settled,53752237.924,437689,983,430568,135978,54
399,BBG,3992,CNY,,full,,,9819934.794,785126,927,373660,611228,84
400,ION,2388,CAD,,novation,,,1169525.579,402996,441,903104,438917,64
401,MX,4191,GBP,,partial,,,1102519.635,899354,4,483588,564390,91
402,MX,7384,CHF,,cancel_and_reissue,,,-22246210.538,247659,49,,373011,102
403,Calypso,1272,GBP,,full,,,-3796880.215,878869,673,,380229,108
404,MySys,5902,JPY,,novation,,,,749089,220,493401,143478,158
405,MX,4029,CAD,,amend,,,30540325.444,882989,778,,268203,1
406,SwapsWire,5319,CHF,,novation,,,-87881850.015,669330,182,,694248,19
407,MySys,3321,AUD,,unwind,,,-36176970.517,698686,682,,236890,31
408,Calypso,3731,CHF,,step-in,,,69320056.473,640224,892,894482,941045,173
409,MX,724,SEK,,clearing,,,-64928197.680,380980,32,,932158,46
410,MX,3338,JPY,,amend,,,19869206.983,969125,402,,163802,37
411,Aladdin,6309,JPY,,step-in,,,-32342659.802,877250,704,,852158,124
412,ION,6067,AUD,,new,,,31312899.215,227922,816,,246990,121
413,Aladdin,145,JPY,,cancel,,,,767004,976,,141590,191
414,MX,9119,SEK,,reissue,,,-12674504.027,681893,325,723780,122670,118
415,MX,7708,AUD,,unwind,,,-95970933.899,684594,874,,173365,16
416,MX,3242,CHF,cancel,cancel_and_reissue,,,-38028540.437,531627,496,828827,113918,74
417,Aladdin,188,CAD,,assignment,,,82045785.781,562365,87,307136,633425,132
418,Calypso,8049,AUD,,new,,,-40418287.381,791370,955,,785319,41
419,LoanIQ,997,SEK,,reissue,,,47570093.457,837212,11,547456,146758,116
420,SwapsWire,4627,CHF,,partial,,,-32409384.354,777924,336,801488,491308,140
421,MX,3774,CAD,,cancel_and_reissue,,,38109982.454,216493,12,,463313,86
422,MX,933,CAD,,novation,,,-86575930.609,185618,497,,710773,125
423,Anvil,9162,USD,,reissue,,,,222767,885,755446,661305,163
424,MX,7209,EUR,,clearing,,,22337007.836,686294,396,,579994,79
425,BBG,7493,CNY,,novation,,,,612455,330,,615622,4
426,MX,3208,AUD,,unwind,,,64486997.643,415018,333,,575868,124
427,MX,5319,CAD,,clearing,,,,780683,251,824894,498750,167
428,BBG,1925,JPY,inception,assignment,,,80308893.339,479811,589,,671710,36
429,MX,2925,CHF,novation,assignment,,,46541031.169,818312,263,,257050,8
430,MX,3011,CHF,,unwind,,,-38074105.215,653586,275,,907411,107
431,Calypso,5127,EUR,,exercise,,,12239327.351,667053,720,670364,666363,13
432,LoanIQ,5639,SEK,,novation,,,-39415366.805,802452,575,129035,890106,1
433,Calypso,5568,USD,,clearing,,,-89368081.073,344510,406,810808,306992,97
434,MX,625,USD,,amend,,,78123993.725,431171,237,,705793,77
435,Aladdin,4099,CNY,,partial,Clearing_Issue,,-80896282.246,699093,635,135782,832945,116
436,Anvil,9031,EUR,,amend,,Settled,78419952.208,185028,500,,358357,33
437,MySys,5539,AUD,,novation,Cleared,,85844788.759,597437,304,736990,652507,82
438,BBG,3586,GBP,,block,,,-25521397.077,940108,150,583363,467792,80
439,LoanIQ,7693,SEK,termination,compression,,,14425257.178,437320,599,,175568,8
440,SwapsWire,9951,AUD,,clearing,,,-19364448.343,576676,831,,683988,138
441,Calypso,2348,AUD,,amend,,,56350805.179,826718,405,681464,811709,176
442,MX,106,AUD,,assignment,,,-5695321.793,281369,553,998357,518070,63
443,MX,2622,AUD,,unwind,,,,823916,122,,355515,133
444,MX,7758,AUD,,cancel_and_reissue,Cleared,,42259866.793,145754,392,,421956,157
445,SwapsWire,7907,EUR,,novation,,,54663473.934,962914,775,,213265,54
446,MX,5774,EUR,cancel,unwind,,,-4139449.483,384529,252,920310,910758,13
447,ION,7805,JPY,,unwind,,,24788840.982,880740,255,,661568,132
448,Anvil,6988,AUD,,full,,,-7980365.142,877006,19,380964,970610,63
449,MX,687,GBP,,allocation,,Settled,79141613.763,449485,640,,964250,43
450,Aladdin,5688,CHF,,reissue,,,-3387218.652,742715,251,379574,730306,149
451,MX,4722,EUR,,partial,,,-23632634.888,765996,468,140966,398629,107
452,MySys,1589,EUR,,clearing,,,,541958,514,,632233,47
453,SwapsWire,6513,CAD,,block,Cleared,,90164057.936,578819,419,,794846,78
454,MX,8532,JPY,,block,,,,844449,248,425611,661138,129
455,Calypso,2601,SEK,,assignment,,,5381239.815,669879,839,,483883,193
456,MX,1666,SEK,,new,,,34050420.841,211267,737,401677,641056,92
457,MX,5523,CAD,,full,,,40584349.530,171026,138,,551340,172
458,MX,5387,USD,inception,new,Cleared,,-46598023.131,720412,956,282517,774763,29
459,MX,5689,SEK,,assignment,,,-60322717.810,524769,169,,704184,74
460,MX,7805,JPY,inception,cancel,,,-64929909.843,890447,198,964136,942008,92
461,MX,5005,CNY,,clearing,,Settled,35471693.496,766268,157,137999,985146,7
462,MX,9245,SEK,,allocation,Clearing_Issue,Settled,-3241.119,751431,203,,903389,198
463,Calypso,8449,GBP,,full,,,,436330,518,,712668,63
464,MX,9630,CNY,,amend,,Settled,71028928.040,265559,776,,471312,44
465,MySys,8466,JPY,,partial,,,38043489.875,977954,594,,509453,198
466,SwapsWire,2399,CHF,,block,,,44159053.094,578423,456,730379,745715,147
467,MX,836,EUR,,unwind,,,,755199,277,,851023,176
468,ION,7621,AUD,,clearing,,,,833706,635,,330483,128
469,Calypso,5937,SEK,,novation,,,-49421944.356,794505,205,,419518,31
470,MX,9298,USD,,partial,,,,465442,924,360363,376424,123
471,ION,892,AUD,,new,,,-32896807.320,391547,926,,252671,117
472,Aladdin,6704,EUR,,partial,,,96639125.092,800055,519,,165958,200
473,MX,3473,CAD,,amend,,,75635248.687,556387,448,,368654,68
474,Calypso,1663,USD,,reissue,Cleared,,-7634818.881,391489,48,,331119,66
475,MX,8252,GBP,,clearing,,Settled,755384.708,913365,239,,440005,140
476,BBG,8397,JPY,novation,full,Clearing_Issue,,-63608347.664,618531,116,763395,506712,29
477,MySys,5654,EUR,inception,full,,,96984584.679,483362,565,,356359,43
478,MX,2084,USD,,allocation,,,38419784.773,362053,97,,627265,166
479,MySys,8916,USD,,full,,,-65737163.740,204834,130,550548,833595,182
480,MySys,3769,JPY,,full,,,47827426.789,980822,18,449053,302102,80
481,SwapsWire,7046,GBP,,cancel,,,-6153166.891,989942,140,,799128,95
482,MySys,6028,USD,amendment,full,,,-881133.572,444320,934,615036,867171,90
483,BBG,4209,JPY,,clearing,,,13673100.169,176577,714,,194188,97
484,Anvil,3393,EUR,,step-in,Pre,,,400563,191,,787673,186
485,MX,8586,CNY,inception,block,,,2409946.097,857690,116,,894788,195
486,MX,4176,CAD,,cancel,,,50932864.986,593260,27,,124255,184
487,MX,2916,CAD,,compression,,,70700488.704,938144,445,,269803,126
488,LoanIQ,1664,USD,,exercise,,,86378617.865,491407,340,164355,677014,115
489,Aladdin,9053,JPY,,new,,,12274608.379,479964,722,222561,663330,158
490,MX,6160,JPY,,cancel,Cleared,,-93995243.994,133794,359,223665,143626,113
491,Calypso,5071,CAD,,unwind,,,-98965698.712,936892,629,,128770,26
492,Calypso,574,AUD,,assignment,,,-71205734.331,125732,734,294686,647556,20
493,Calypso,2768,CAD,,step-in,,,,557773,197,,233492,163
494,MX,2419,CNY,,novation,,,-12780841.376,723748,666,207820,126975,168
495,MX,9127,JPY,,reissue,,,71352672.415,479517,32,,667940,49
496,MySys,4971,CAD,,block,,,29715292.353,753488,608,686580,913266,105
497,LoanIQ,5687,AUD,termination,clearing,,,29108690.855,891603,338,,960544,188
498,MX,932,AUD,,novation,,,-39284111.166,824277,325,,467913,35
499,BBG,3162,CHF,,new,,,-80729158.589,701233,748,449361,648212,55
500,LoanIQ,1147,EUR,,cancel,,,94228755.727,329532,281,,147208,38
501,MX,5594,JPY,,exercise,,,48684837.286,544647,766,637734,322923,136
502,SwapsWire,8585,CNY,,partial,,,80843556.973,559186,866,,648058,200
503,LoanIQ,3292,CAD,,full,,,-3085455.676,497613,407,594072,532686,183
504,Calypso,1175,EUR,,step-in,,,-10353534.690,560656,628,,584243,84
505,Aladdin,7689,GBP,,compression,,,,812338,543,763991,808478,112
506,Aladdin,3992,CNY,,compression,Cleared,,66559944.051,219051,596,587191,547847,137
507,BBG,9537,JPY,novation,cancel,,,,288867,329,245822,122915,6
508,Aladdin,8391,USD,,cancel_and_reissue,,,-97875403.278,190677,154,840170,970942,184
509,SwapsWire,1054,JPY,,novation,,,12922586.009,624674,926,,405903,134
510,Calypso,1942,AUD,,block,,,,193359,141,371148,217265,42
511,Calypso,7840,AUD,,exercise,,,19753263.073,770326,233,918630,411095,160
512,Calypso,3624,AUD,,step-in,,,49890568.934,483247,246,,800118,144
513,MX,9283,AUD,,full,,,,179652,741,725810,513214,134
514,LoanIQ,3389,SEK,,cancel_and_reissue,,,-85123213.415,343766,601,801585,840438,111
515,ION,583,JPY,,clearing,Cleared,,,191047,895,240951,778766,27
516,SwapsWire,1899,USD,,block,Cleared,,47061434.954,853101,73,317549,294959,55
517,SwapsWire,9994,AUD,,reissue,,,-48561737.006,243493,943,342364,643753,144
518,Aladdin,1877,CNY,,amend,,,-52378048.886,817808,463,,866825,194
519,Calypso,9496,GBP,,partial,,,-13717154.123,876861,542,593444,184075,16
520,MX,5695,JPY,,amend,,Settled,-35347745.438,697726,905,828988,682765,95
521,MX,1036,SEK,,assignment,Cleared,,,139920,243,,771153,194
522,MX,1378,USD,,compression,,,28339929.689,777852,176,258922,347269,81
523,ION,4697,CNY,,amend,,,93551328.820,945321,328,512556,369333,193
524,ION,84,AUD,,block,,Settle_Issue,-19356204.538,920425,927,784711,862037,176
525,Anvil,2102,CHF,,amend,,Settled,-65311757.614,915465,687,,899361,145
526,LoanIQ,2955,USD,amendment,exercise,Cleared,,88584986.733,194093,958,,347609,65
527,Calypso,6707,AUD,,compression,,,91409539.525,202893,697,,126966,73
528,LoanIQ,2263,GBP,,amend,Cleared,Settled,,314277,396,852097,831266,130
529,LoanIQ,8296,SEK,,new,,,-70208520.316,240747,48,,989204,152
530,MySys,829,CAD,,full,Cleared,,99947456.356,522264,910,894063,529487,170
531,Aladdin,4036,EUR,,full,,,-59162290.309,379843,340,981833,973636,85
532,Calypso,357,USD,,full,,Settled,-79752482.069,398390,441,,997121,61
533,MX,7316,AUD,,novation,Cleared,Settled,,632148,68,288256,223615,13
534,ION,4634,GBP,novation,compression,,,-89135407.082,955983,476,,300337,60
535,Calypso,5203,SEK,,full,Cleared,,,861481,575,774439,226786,157
536,SwapsWire,606,EUR,,step-in,,,-35068160.735,790058,673,,746130,187
537,Aladdin,2597,AUD,,amend,,,97739128.758,459681,103,695968,683557,184
538,Calypso,8936,CAD,,novation,,,83817268.589,824142,666,773062,526658,170
539,Calypso,608,EUR,inception,compression,,,51368075.605,375684,490,,200691,7
540,MX,291,SEK,,unwind,,,-22542424.428,771461,277,176984,843495,169
541,BBG,4052,CHF,,exercise,,,-87673324.200,824651,835,,778440,183
542,MX,6223,USD,,cancel,,,,318524,293,909474,141578,171
543,ION,4999,AUD,,assignment,,,23844254.079,470289,374,265383,426765,143
544,MX,3081,EUR,,new,,Pre,91259283.608,205618,564,,693528,144
545,Anvil,3774,CAD,,reissue,Cleared,,,855708,679,,709787,159
546,Calypso,8794,CAD,,new,,,-60389483.812,462213,580,173659,132715,196
547,MX,786,USD,,amend,,,-68544049.360,725347,6,,578014,188
548,BBG,9133,AUD,,cancel_and_reissue,,Settled,,482505,292,688750,382881,68
549,Anvil,9197,CAD,,cancel_and_reissue,,,,629881,505,290867,482924,88
550,Aladdin,3184,CNY,,assignment,,,20748318.143,645878,893,,401123,77
551,MX,8054,JPY,,novation,Cleared,,44605423.816,642669,458,143507,723022,56
552,ION,9709,AUD,,assignment,,,-8629444.102,410329,527,772244,273259,186
553,MySys,6858,SEK,,unwind,,,13276360.249,253762,279,,531241,196
554,Calypso,3944,JPY,,novation,,,65013360.882,604293,622,,737958,186
555,Calypso,4954,SEK,,novation,,,40157475.291,468407,43,,705785,54
556,MX,37,AUD,,step-in,,,-30533475.830,449853,318,,891597,133
557,MX,6353,EUR,,cancel_and_reissue,,,-77664693.355,635809,574,,424175,188
558,Calypso,2116,AUD,,step-in,,,,616473,338,729075,151984,127
559,ION,5560,CHF,,compression,,Settled,9490442.086,793724,933,265958,969650,3
560,MySys,741,JPY,,unwind,,,25136241.359,561053,45,,808700,14
561,MX,8519,CNY,,cancel,,,73028821.226,682915,70,,889858,131
562,MX,6067,USD,,amend,,,3740797.627,181329,963,,651227,195
563,MX,9304,SEK,,partial,,,73761169.218,199021,580,207088,583014,17
564,MySys,462,GBP,,novation,,,-39163683.813,125367,515,165846,358471,5
565,ION,6175,EUR,,unwind,,,-69452579.679,835307,198,,296511,160
566,ION,9631,CHF,,cancel_and_reissue,,,-97928263.641,625362,926,745068,770589,67
567,ION,365,EUR,,amend,,,55423120.541,791722,812,,393105,24
568,Aladdin,5138,AUD,,partial,,,46203355.406,395244,950,,455135,110
569,ION,1124,USD,,allocation,Cleared,Settled,-9390351.436,550319,465,,127605,103
570,SwapsWire,2959,GBP,,assignment,,,-69672818.649,787184,153,357671,512032,167
571,MX,9639,USD,,new,,,,872281,55,324029,932974,111
572,ION,2687,GBP,,unwind,,,47925984.547,358253,810,,511535,48
573,Calypso,2422,JPY,novation,allocation,,,72625006.318,536240,756,296036,853930,26
574,Anvil,2168,USD,,novation,,,-92719311.138,925584,65,169056,689977,7
575,BBG,2188,EUR,,clearing,,,-39624305.782,328167,177,714097,927262,44
576,MX,7395,CNY,,compression,,,-59690015.593,251712,252,291641,783912,86
577,Calypso,3192,SEK,,compression,,,,648891,942,629247,748058,173
578,Calypso,7392,USD,,reissue,,,-39111144.626,734737,630,795990,759209,196
579,BBG,2454,USD,,amend,,,-18530038.033,865229,879,,201424,66
580,Anvil,8766,USD,,clearing,,,-75069793.520,121940,847,,406251,197
581,Anvil,8705,EUR,cancel,partial,,,62661572.288,244030,593,345746,642116,85
582,Anvil,9291,CNY,,new,,Settled,44885005.307,409628,551,,125117,166
583,MX,4742,USD,inception,clearing,Pre,,93661330.239,387749,381,,447953,94
584,MySys,4118,EUR,,step-in,,,17487042.922,631222,903,792192,810966,22
585,ION,8007,CNY,,partial,,,,272874,52,,963086,31
586,MySys,1292,CNY,cancel,block,,,-39172487.283,940921,325,,617815,101
587,Anvil,368,EUR,,full,,,,457833,819,,410125,160
588,Anvil,5348,CHF,,cancel,,,-31794297.916,731247,997,,727558,105
589,MX,938,EUR,,full,,,81722873.000,513891,396,,753764,31
590,MX,9833,USD,,exercise,,Settled,,846693,965,748176,915429,194
591,Calypso,9721,CHF,,compression,,Settled,,316575,215,,132804,157
592,LoanIQ,9887,CNY,,allocation,,,15217735.044,893272,843,,355010,49
593,Calypso,4703,CAD,,allocation,,,-36239964.601,220480,292,888112,326378,76
594,SwapsWire,6944,USD,,full,,,-32210217.901,992135,403,360887,530473,181
595,Anvil,4164,CAD,,exercise,,,-85092198.136,416926,1000,706978,534963,188
596,BBG,4392,CHF,,cancel_and_reissue,,,13503619.229,390258,213,,341542,194
597,Calypso,2421,GBP,,new,Cleared,,84263994.986,957219,29,,394836,189
598,MySys,3152,CNY,,cancel,,,55170341.652,530574,323,,306319,6
599,MX,8833,CNY,,allocation,,Settled,12582970.160,573885,338,,486074,2
600,MX,337,USD,,new,,,-46625687.166,971685,929,,711228,152
601,MX,1602,CAD,cancel,cancel,,,97855660.063,327132,963,442562,212264,61
602,BBG,4633,CHF,,reissue,,,99573801.981,295833,498,553870,932479,45
603,Calypso,8233,USD,,unwind,,,60687978.428,123561,868,660349,959927,42
604,MX,2761,USD,,step-in,,,-42084854.997,998542,760,,761446,91
605,MySys,7422,CHF,,novation,,,,641245,239,,577314,57
606,MySys,6888,USD,,novation,,,,186789,123,,933204,70
607,MX,7993,CNY,,block,,,25094101.447,252494,321,,174464,67
608,MX,4363,CAD,,novation,Cleared,,34790455.673,247372,566,,803219,127
609,LoanIQ,8994,GBP,,reissue,,,78919286.479,653970,188,167153,260101,167
610,MX,5598,GBP,,new,,,-13266268.878,780114,202,,656859,85
611,MX,1338,JPY,,allocation,,Pre,-95692249.530,586433,293,365682,572363,182
612,MX,1209,CAD,,reissue,,,47049734.245,811482,742,838013,998382,6
613,LoanIQ,9434,CHF,,novation,,,96514950.298,389614,678,549845,303693,63
614,MX,8880,SEK,termination,exercise,,,-86561828.122,190711,86,227689,163827,169
615,SwapsWire,2477,SEK,,block,,,79763844.093,262437,12,850801,898683,149
616,Calypso,8922,USD,amendment,full,,,,888974,541,,763478,192
617,Aladdin,1566,JPY,,novation,,,-89154257.787,607695,666,,495588,119
618,MySys,872,AUD,,full,,,77811627.311,819027,568,158782,495169,200
619,Calypso,9817,AUD,,cancel_and_reissue,,,-55230691.086,846789,391,,321309,39
620,Calypso,5207,GBP,,step-in,,,-15754626.682,980168,358,351473,265387,70
621,MX,1318,SEK,,exercise,,,88681365.454,295982,120,,392787,155
622,MySys,1623,CNY,,reissue,Cleared,,-22800109.423,786995,327,449028,863656,30
623,BBG,5326,EUR,,unwind,,,-33184054.408,190546,173,,917879,54
624,Aladdin,2165,GBP,,amend,,,-6058807.121,569913,251,,417189,130
625,LoanIQ,6231,USD,,reissue,Cleared,,,687987,41,482556,274701,146
626,MySys,4994,CNY,,unwind,,,38707243.245,163536,236,707893,875740,2
627,LoanIQ,1538,GBP,,block,,,61694623.170,359356,8,809620,848667,80
628,MX,580,SEK,novation,new,Cleared,,-72794785.425,368903,747,814027,595757,96
629,MX,8165,JPY,,amend,,,-56963268.768,646490,87,,533587,55
630,SwapsWire,5130,SEK,,block,,,94941040.199,525292,999,949799,724119,157
631,MX,8451,GBP,,cancel_and_reissue,,,55261588.823,431588,660,224953,667004,101
632,SwapsWire,2637,AUD,inception,reissue,,,-77457067.725,842433,583,948371,981702,195
633,MX,1759,SEK,,clearing,Cleared,Settle_Issue,-39954116.219,499716,85,,945486,39
634,MX,8289,USD,,block,Cleared,,-29527420.055,977618,97,,634237,30
635,MX,3332,CAD,,compression,,,69215300.282,512446,343,,942158,176
636,ION,4463,CHF,,cancel,,,47687755.147,168778,758,,802681,67
637,MySys,1183,CHF,,clearing,,,-58188584.655,434165,793,,617846,115
638,SwapsWire,5054,SEK,,partial,,,64818637.017,974675,542,900611,464014,19
639,BBG,3397,EUR,,novation,,,11857705.864,846665,185,,332693,183
640,Aladdin,8398,SEK,,allocation,,,54144082.798,223427,462,,885714,136
641,MySys,2438,SEK,amendment,allocation,,Settled,,945947,472,,767958,185
642,MX,9055,EUR,,block,Cleared,,,598306,625,951693,419864,129
643,LoanIQ,9966,JPY,,amend,,,85856234.545,947501,52,,601444,42
644,MX,2988,CAD,,unwind,,,-76071297.184,280485,161,706126,309419,63
645,MX,6217,USD,termination,clearing,,,-88997033.976,531554,981,,191858,111
646,LoanIQ,3634,GBP,,step-in,,,15834678.234,146233,275,995213,672960,162
647,MX,9862,CNY,amendment,block,,,5402649.577,560665,123,,644581,120
648,MySys,3919,EUR,,unwind,,,75157304.435,767167,129,,178450,58
649,MySys,2028,CNY,cancel,amend,,,47370847.656,988825,771,,125158,111
650,MX,8142,SEK,,novation,,,-59595323.248,208845,302,934423,802795,130
651,Calypso,8235,EUR,inception,cancel,,,-42897527.343,308648,610,126218,423605,2
652,BBG,3441,GBP,,amend,,,75090849.426,400171,322,,351384,63
653,Anvil,7998,CAD,,reissue,,,-89736708.471,397730,643,175163,349909,41
654,LoanIQ,1266,USD,,cancel_and_reissue,,,14425580.489,307024,705,,972781,186
655,MX,8939,CNY,,novation,,,49520716.449,807412,429,,315952,173
656,MySys,3669,EUR,,assignment,,,-44027952.584,162754,115,745735,555487,14
657,Calypso,1367,AUD,,block,,,-56546497.886,751239,702,652571,411835,123
658,BBG,7025,USD,,partial,Cleared,,76879372.683,658979,815,358370,623081,115
659,LoanIQ,3465,GBP,,allocation,,,79594316.989,510512,530,294587,392024,62
660,BBG,7653,JPY,,unwind,,,86194561.854,232525,184,,966133,75
661,MX,420,GBP,,amend,,,,886193,726,794045,423385,26
662,BBG,318,USD,,amend,Clearing_Issue,,-58354158.344,667952,219,,859134,8
663,MX,5486,CHF,novation,block,,,-77794254.833,523581,819,860737,921639,44
664,Aladdin,3431,GBP,,unwind,,,34369861.439,243954,876,,709615,171
665,MySys,1912,SEK,,reissue,,,-30155439.559,244398,340,325364,544434,66
666,MX,7047,EUR,,new,,,91356497.589,218920,808,719189,113851,157
667,SwapsWire,4266,SEK,,novation,,,15434562.094,716099,307,,873531,53
668,MX,7488,JPY,,reissue,,,,396228,259,,124811,184
669,Anvil,7273,JPY,,partial,,,51021337.812,689288,922,360942,240777,36
670,MX,2641,SEK,,allocation,,Settled,14446885.503,197654,367,200735,950575,34
671,MySys,2517,CHF,,amend,Cleared,,84711431.550,529184,398,358737,458991,111
672,MySys,8666,SEK,inception,allocation,,Pre,-81305242.410,541738,587,402216,459003,130
673,MX,1024,SEK,,allocation,Cleared,,66009588.414,793381,737,825530,589007,160
674,Calypso,3839,SEK,,novation,Cleared,,-9290784.987,910074,6,,624700,25
675,MX,5653,SEK,,block,,,-71913158.489,346566,274,372451,744081,36
676,BBG,3988,AUD,,block,,,59896967.659,999168,562,,984526,169
677,ION,6759,CNY,,full,,,-9524116.436,797308,659,,682611,137
678,LoanIQ,3275,CAD,,unwind,,,-828655.085,531759,541,,494884,197
679,SwapsWire,3959,CAD,,novation,,,99155838.074,353869,987,239849,975259,64
680,MX,242,USD,termination,clearing,,,-80934529.457,341228,970,,448054,84
681,Calypso,935,JPY,,block,,,-34527364.769,889164,664,500607,980367,166
682,Anvil,4252,USD,,clearing,,,2119724.385,542496,201,,372207,98
683,MX,2463,AUD,,novation,,,-36570008.710,778370,271,556346,243946,171
684,MX,3656,CAD,,partial,,,,433057,833,,136833,141
685,BBG,3273,CNY,,reissue,,,72470891.406,581949,991,299156,187267,144
686,MX,2610,CHF,,partial,Cleared,,-9536913.411,940857,947,475142,980324,19
687,Calypso,1647,CHF,,allocation,,,,264720,365,944683,280992,83
688,LoanIQ,135,CHF,,full,,,-73160817.356,438154,67,681907,376884,158
689,LoanIQ,1107,CHF,,block,,,-33913925.738,926537,835,,606586,46
690,MX,5505,AUD,,reissue,,,66309256.164,659859,257,200378,851820,135
691,Anvil,9850,SEK,cancel,compression,,,-75064054.553,169672,43,,930941,24
692,Anvil,5793,JPY,,reissue,,,81675285.798,129416,905,,419434,118
693,Anvil,1957,EUR,,cancel_and_reissue,,,67021694.882,339976,916,,242873,81
694,MX,9205,GBP,,new,,,16104461.978,373929,892,132000,725385,84
695,LoanIQ,8392,CHF,,novation,,,-97673376.790,367576,133,115207,696726,71
696,BBG,3205,USD,,compression,,,-64765776.692,479763,433,,117302,43
697,MX,1393,JPY,termination,allocation,,,-79676263.492,668512,518,,627787,56
698,LoanIQ,8888,EUR,amendment,novation,,,17976501.353,848065,440,,849996,65
699,Calypso,437,CNY,,clearing,,Settled,8308592.981,430102,386,138815,430746,80
700,MX,8847,CAD,cancel,novation,,,,374442,390,,532198,139
701,MX,7269,EUR,,new,Clearing_Issue,Settled,-68052814.659,168051,733,963786,705575,185
702,Calypso,9483,CAD,,step-in,,,-64560706.170,133499,629,219671,986041,21
703,MX,70,USD,,compression,,,-49835789.916,288736,771,954142,629460,198
704,Calypso,6202,JPY,,allocation,Cleared,,-90814283.681,205704,932,630440,675724,114
705,Calypso,9247,CHF,,clearing,,,-73262669.789,758537,499,127093,754640,195
706,SwapsWire,4082,EUR,,exercise,,,-78795954.627,928976,356,284312,383442,77
707,Calypso,2941,JPY,,partial,,,,769666,106,,616323,54
708,Anvil,2315,CNY,,cancel,Cleared,,78481338.027,368854,234,,360200,113
709,Anvil,15,EUR,,clearing,,,21233765.173,140884,28,,112339,70
710,BBG,8473,EUR,,block,,,-35717108.817,745080,604,,763146,26
711,MX,7038,SEK,,cancel_and_reissue,Cleared,,,998067,504,656723,833099,29
712,MX,5770,SEK,,cancel_and_reissue,,,-72036882.134,396441,209,,576414,173
713,MX,2021,JPY,,assignment,,,-18668114.604,654017,996,730254,951858,33
714,Calypso,8825,GBP,,clearing,,,,264075,377,265593,301854,45
715,MX,1353,CAD,,novation,,,-21574067.382,545063,434,509067,463765,18
716,BBG,9725,CAD,,exercise,,,15104816.298,815563,268,,565028,118
717,MX,303,EUR,,compression,,Settled,69422185.906,989644,704,,591252,133
718,Calypso,4996,GBP,,step-in,,,,244333,423,409080,605334,184
719,MySys,3199,JPY,,reissue,Pre,,-23634440.719,952219,164,774407,168822,190
720,MX,5243,USD,cancel,cancel_and_reissue,,,55899379.662,747953,264,,395525,59
721,Calypso,2322,CHF,amendment,new,,,80609798.724,776221,977,,398590,61
722,MX,4093,SEK,,exercise,,,,112395,782,,825356,163
723,MX,6671,JPY,,cancel_and_reissue,,,76392717.550,969598,109,,476944,138
724,MySys,4041,SEK,,assignment,,,,390180,63,455933,258205,112
725,ION,2163,GBP,novation,partial,,,-8155686.731,726490,626,,406088,147
726,Calypso,1990,AUD,inception,assignment,,,28641820.353,717768,677,,745631,144
727,MX,2629,AUD,,novation,,,66538861.374,303630,714,,354816,24
728,MX,956,CNY,,cancel,,,40528248.393,947125,260,,128138,164
729,Calypso,2012,CAD,,reissue,Cleared,,27273578.850,653296,92,504110,497263,121
730,MySys,2790,AUD,,amend,,,-12298795.833,594668,175,329074,690591,2
731,BBG,2427,GBP,,full,,,,550817,76,632956,952057,17
732,SwapsWire,8653,CNY,,clearing,,,-62305167.982,856628,903,,656086,88
733,Aladdin,9071,EUR,,clearing,,,-16529218.540,690108,381,623036,339621,44
734,LoanIQ,5192,CAD,,cancel,,,16255755.141,679700,705,221628,155099,186
735,Anvil,218,USD,,allocation,Clearing_Issue,,,659048,993,267230,998475,122
736,BBG,4046,EUR,,unwind,,,-49364856.568,225394,255,,136688,150
737,Aladdin,6210,JPY,,assignment,,,-8032753.299,764728,197,474101,286570,161
738,SwapsWire,8246,CHF,,exercise,Cleared,,51879575.630,814068,818,,799925,25
739,ION,6105,SEK,,compression,,,,320362,124,,603914,146
740,LoanIQ,5153,CHF,,clearing,,,-97964551.736,438761,979,493078,950349,29
741,SwapsWire,9136,CNY,,cancel_and_reissue,,,,611347,928,239167,263870,190
742,Anvil,6624,CHF,,unwind,Clearing_Issue,,4342876.080,717968,416,291018,315401,175
743,MX,2379,JPY,,allocation,,,78265126.677,517796,503,776830,532569,143
744,MX,7344,GBP,,full,,,-57082358.188,144756,499,737381,130741,165
745,Anvil,9101,JPY,,full,,,-12616664.208,824161,993,,892985,20
746,MX,9140,SEK,,partial,,,-97117536.529,621049,498,,203694,36
747,ION,661,EUR,,partial,,,188347.954,806529,214,423883,843161,192
748,MySys,6536,GBP,,amend,,,10065144.570,241929,373,426059,684936,46
749,MX,3651,JPY,,novation,,,48925150.513,293764,946,144351,356100,46
750,BBG,1176,CAD,novation,reissue,,Settled,46820795.178,896269,753,937213,919623,108
751,Calypso,6060,CNY,inception,cancel,,,-62255289.809,391226,734,672315,505395,9
752,Aladdin,473,CAD,novation,novation,,,-70829049.503,198808,486,953741,881987,156
753,Aladdin,5317,CHF,,new,,,14034810.763,914816,809,481852,387950,196
754,LoanIQ,4927,EUR,amendment,assignment,,,48118357.385,567839,311,,814448,32
755,Calypso,7195,GBP,,partial,,,,823568,133,436285,974064,138
756,MX,7932,USD,,exercise,,,70695191.608,744058,129,516175,414802,5
757,Anvil,9421,EUR,,exercise,,,84751270.032,449320,861,,395449,102
758,MX,3762,EUR,,compression,,,,890067,299,558332,623508,64
759,LoanIQ,9437,CNY,,full,,,15913735.011,801643,162,309114,540217,120
760,LoanIQ,4246,CNY,,cancel_and_reissue,,Settled,24061296.480,241387,425,500017,365582,68
761,Calypso,3895,USD,,cancel_and_reissue,,,,535648,940,,561409,103
762,Calypso,3684,CHF,,allocation,,,-98078240.003,914696,494,561903,952426,54
763,MX,3744,GBP,,compression,,,41253353.904,428599,934,558604,322712,61
764,SwapsWire,1307,GBP,,allocation,,,18623882.227,383497,68,996545,143116,21
765,ION,413,CAD,,cancel_and_reissue,,,-24026126.746,611191,20,,631862,162
766,LoanIQ,5115,AUD,cancel,new,,,,546832,258,,617458,65
767,Anvil,6670,AUD,,cancel,,,-90966988.674,865063,753,,318132,111
768,MX,4123,CAD,cancel,reissue,,Settle_Issue,13866698.856,791895,342,127602,765273,26
769,Aladdin,3867,SEK,,step-in,,,91275858.873,302091,421,,963816,72
770,MX,3910,CAD,amendment,block,,Settled,,796266,61,,337111,93
771,Calypso,1412,CAD,novation,assignment,,,34370285.578,734118,739,,968335,63
772,Aladdin,2666,CHF,,amend,Cleared,,67730122.950,602194,680,,715469,29
773,LoanIQ,2172,GBP,,reissue,,,-67524483.658,252140,493,,266348,17
774,MX,1466,GBP,,cancel_and_reissue,,,55399646.481,695860,345,,681971,163
775,Calypso,2336,JPY,,cancel_and_reissue,,,-28751045.026,443443,211,,145052,137
776,MySys,3187,AUD,,novation,,,-64312667.952,698903,798,849512,867927,97
777,BBG,9603,CNY,,block,Cleared,,,695968,879,,988762,57
778,Calypso,6166,EUR,,unwind,,,27644285.846,789595,744,294334,885038,195
779,LoanIQ,4103,CNY,,clearing,,,-71445322.738,664603,350,,796673,36
780,Calypso,1531,GBP,,exercise,,,-1803672.589,226542,662,692419,250635,70
781,MySys,8908,GBP,,novation,,,9949824.037,757222,615,456318,125710,109
782,ION,8868,CNY,,block,,,,597551,585,280448,824867,194
783,MX,3374,USD,,novation,,,87048068.721,946687,252,,307961,144
784,Calypso,5020,GBP,,reissue,Cleared,Settle_Issue,64647098.400,601011,399,,570549,157
785,MX,3483,CNY,,partial,,,,943601,5,,223992,162
786,MySys,4621,JPY,,assignment,,,-41786136.846,626508,452,725444,586772,197
787,Calypso,5939,USD,,compression,,,67642377.178,850942,171,,247665,67
788,MX,1032,JPY,,full,,,42466130.402,277410,288,816239,921479,62
789,Anvil,2751,CNY,,compression,,,-85339825.535,899717,743,734881,296643,153
790,MX,6922,CAD,,full,,,14621033.561,813820,967,278153,792201,89
791,Calypso,5354,SEK,,compression,,,,286775,521,,885059,150
792,Anvil,1836,CNY,,novation,,,-3233332.488,810283,144,295626,810299,178
793,Calypso,7235,SEK,,assignment,,,15395959.275,824801,796,624972,446960,183
794,Aladdin,2848,CAD,,partial,,,-8964201.431,137114,61,,969270,33
795,Anvil,5952,SEK,,allocation,,,96059303.252,723285,830,,204123,2
796,BBG,5262,CHF,,clearing,,,95622263.255,761733,905,719955,586339,51
797,MX,5689,AUD,,full,,,-43129490.775,466767,255,975559,577782,53
798,MySys,3578,AUD,,cancel_and_reissue,,,-22885609.624,773313,418,756748,152174,38
799,MySys,4552,USD,termination,reissue,Cleared,,59466535.448,609330,586,,997260,137
800,MX,524,CAD,,partial,,,87523470.251,483189,907,,811902,142
801,MySys,2061,SEK,,allocation,,,-77097540.331,593113,400,,964582,144
802,Calypso,7115,JPY,,assignment,,,18508362.055,876702,240,915278,198960,162
803,MySys,2942,JPY,,amend,,,,629282,499,653120,308625,54
804,MySys,8954,CNY,,amend,,,19848736.030,156630,608,,561915,163
805,LoanIQ,3959,USD,,compression,,,18676680.958,571222,844,,144118,56
806,Aladdin,7523,SEK,,full,,,,595892,161,943403,286344,198
807,ION,9803,USD,,block,,,16744438.657,575202,804,,435442,113
808,ION,9538,JPY,,cancel,Cleared,,50356932.667,757718,439,183210,828635,173
809,Anvil,9802,GBP,,block,,,,898620,376,329183,309139,56
810,MX,9658,JPY,,compression,,,-51216375.115,223440,717,,733701,40
811,Calypso,4984,JPY,,reissue,Cleared,Settle_Issue,,592826,728,440115,955125,85
812,Aladdin,2653,AUD,,new,,,,452798,31,,414447,120
813,SwapsWire,5144,CAD,,novation,,,47694035.022,410063,200,,617695,183
814,LoanIQ,756,CNY,,step-in,,Settled,-9031244.667,412218,961,,551162,157
815,BBG,7837,EUR,,step-in,,,-32941987.474,343200,463,,116638,119
816,MX,900,CHF,,reissue,,,-94410304.628,242335,780,,862412,5
817,Calypso,1018,JPY,,new,,,86413695.893,340968,401,,925366,9
818,MX,5489,USD,,full,,,-22567379.770,901028,461,944502,319597,154
819,Calypso,7048,CAD,,block,,,88797859.125,881798,498,243988,802182,110
820,MX,6153,AUD,,full,,,52476134.666,918717,506,311280,241330,187
821,MySys,704,AUD,,exercise,,,-88524127.530,645890,421,,768402,181
822,MX,4747,CNY,,novation,,,84158790.975,588773,897,409878,564042,144
823,ION,9396,USD,,partial,Cleared,,,493627,884,,548932,9
824,BBG,4187,CHF,,novation,,,7732187.406,401786,524,,544042,106
825,Calypso,1909,CAD,,cancel,,,-1373718.377,739300,28,861418,267847,28
826,BBG,6487,GBP,,unwind,,Settled,29787135.603,402057,318,,193121,171
827,ION,3077,CAD,,block,Cleared,,-71960222.446,927114,70,985304,735930,43
828,MX,9899,EUR,,cancel_and_reissue,,,,187398,889,634707,515160,35
829,ION,454,CHF,,assignment,,,-86795297.431,460470,629,893950,934227,169
830,Calypso,1739,USD,,novation,,,46371480.746,994596,897,585361,278999,93
831,MySys,3928,CHF,,clearing,,,2081973.210,684102,674,,949974,166
832,SwapsWire,5365,GBP,,partial,,Settled,,852930,45,845768,940933,98
833,MySys,7660,AUD,,partial,,,-33834574.559,921927,613,,494300,10
834,Calypso,2579,GBP,inception,cancel,,,-44724823.049,328266,50,353933,197326,185
835,MX,3337,GBP,,cancel_and_reissue,,,-28163033.696,923668,441,360659,514581,22
836,ION,8497,CNY,,allocation,,,41197897.120,389765,922,,510223,23
837,ION,6580,AUD,,cancel,,,,792052,309,732686,850178,134
838,MX,6255,GBP,,allocation,,,,957811,65,,394138,196
839,MX,9661,CNY,,cancel_and_reissue,,,,323277,308,,317417,26
840,Calypso,3597,SEK,,full,,Settled,-97389309.243,820466,547,,401462,13
841,Anvil,7041,EUR,,allocation,,,,214304,675,427776,279367,124
842,MySys,579,GBP,,cancel_and_reissue,,,-58593431.985,478408,168,148348,187950,122
843,Anvil,4589,EUR,,exercise,,,-41887731.337,688094,785,434459,576196,129
844,MX,4805,SEK,,novation,,,,955559,293,,523853,26
845,Anvil,6671,CAD,,new,,,65725573.637,685148,83,691617,820369,141
846,LoanIQ,741,CNY,,amend,,,-39842253.773,739237,984,,353386,8
847,LoanIQ,5887,AUD,,novation,,,-18074765.691,354412,168,225073,291824,108
848,MX,1220,CNY,,reissue,,,26166107.033,249430,348,823296,405341,46
849,LoanIQ,7635,JPY,,exercise,,Settled,,409445,70,,777840,175
850,Anvil,3024,USD,,cancel_and_reissue,,Settled,-49143909.672,299518,697,,369304,67
851,ION,4645,EUR,,clearing,,,,342992,51,381003,153003,81
852,BBG,3006,AUD,,full,,,,616074,450,546101,237129,139
853,Calypso,6647,AUD,,cancel_and_reissue,,,9746229.945,799062,360,948138,567734,189
854,SwapsWire,817,USD,,compression,,,,303539,205,,587748,198
855,BBG,3900,GBP,,cancel,,Settled,20897616.656,582377,28,,319063,135
856,MX,6688,SEK,,exercise,,,53486457.481,997064,443,268567,904005,54
857,MX,6625,CHF,,novation,,,-42808294.142,243631,444,913792,742624,30
858,Calypso,1440,CAD,,reissue,,,-20354698.312,655143,590,,741224,116
859,MX,6344,CNY,,block,,,-48414211.589,214232,851,,869576,21
860,Calypso,7939,SEK,amendment,partial,,,-75296861.067,829584,425,,250487,197
861,ION,9209,USD,,exercise,Cleared,,18094853.840,279642,800,342553,580500,2
862,MySys,8029,JPY,,exercise,,,-2368144.602,495860,550,928799,625488,175
863,Aladdin,5641,CNY,,reissue,,,-20250203.286,955494,457,,670405,125
864,MX,2138,CHF,,new,,,67068259.411,902293,91,266805,991510,37
865,MX,5809,USD,,amend,,,,524872,538,459918,276772,190
866,ION,9401,USD,inception,cancel_and_reissue,Cleared,,32740478.188,240890,480,,814478,95
867,MX,8730,CAD,,block,,,-25589407.923,729400,491,874817,878392,144
868,MySys,1416,GBP,,unwind,,,61697361.427,484130,826,,717470,154
869,SwapsWire,1237,EUR,,full,,,,517104,656,522210,438238,89
870,Aladdin,559,CHF,termination,exercise,,,-88757312.107,764299,776,,317376,21
871,MX,5427,AUD,,amend,,,79782310.454,867667,894,,198093,181
872,MySys,3327,JPY,,novation,,,-31257733.282,790412,215,,928066,7
873,Calypso,9597,CAD,,new,,,23913665.736,225665,146,390075,141081,94
874,Calypso,8198,CHF,,assignment,,,,635285,866,329283,204465,188
875,BBG,642,AUD,,step-in,,,73155426.120,657382,987,,845883,12
876,Calypso,5608,AUD,,novation,,,-8057386.643,859698,14,,922773,30
877,MX,5853,EUR,,novation,,,,956284,254,550209,645764,181
878,MX,5514,CAD,,cancel,Cleared,,70083613.954,717340,159,442954,608900,23
879,MX,8087,SEK,,exercise,,,-98993869.691,323439,238,688523,577177,159
880,Anvil,1505,GBP,termination,new,,,,355643,160,,503197,123
881,MySys,5864,SEK,,compression,,,-80494473.461,182087,600,,364225,175
882,MX,1720,GBP,,cancel,,Settled,-46421865.481,761572,510,451355,411984,3
883,Calypso,5782,AUD,,new,,,,689283,969,878875,894082,126
884,Calypso,79,SEK,,amend,,,,228207,50,189025,308207,32
885,Calypso,219,USD,,step-in,,,,515025,598,,138546,23
886,MX,7503,JPY,,cancel,,,-64036142.713,957691,335,829424,636898,88
887,MX,8022,CHF,,exercise,,,-76203907.142,454864,100,938960,929426,53
888,Calypso,1834,AUD,,partial,,,-81017356.696,201420,955,,668761,23
889,ION,4137,USD,,reissue,,,-90416275.096,735339,40,,815734,66
890,Aladdin,8657,GBP,,novation,Cleared,,,589272,976,,600106,36
891,MX,5095,CAD,,allocation,,,70536067.525,863827,238,,845223,49
892,LoanIQ,8439,EUR,,partial,,,,845344,485,,790068,47
893,Aladdin,6858,JPY,,exercise,,Pre,59898932.666,577625,90,,298038,39
894,MX,7035,AUD,,full,,,11545928.446,130084,173,816297,557631,146
895,MX,7038,GBP,,unwind,,,-65089936.216,894653,354,564661,175371,171
896,MX,1912,CNY,,assignment,,,,255329,958,735632,564265,117
897,Anvil,5895,EUR,,partial,,,-83161306.928,898350,334,,512277,136
898,MX,8119,CNY,,exercise,,,,337300,217,,143498,61
899,MX,3772,SEK,,assignment,,,-14113886.405,442339,705,,704763,117
900,Calypso,5102,SEK,,block,,,36329.186,236080,90,,168182,83
901,Calypso,7382,JPY,,assignment,Cleared,,-62288211.977,280464,366,623013,422308,105
902,Calypso,2545,SEK,,cancel,,,6813439.256,427260,855,,424057,153
903,MX,6241,SEK,,new,,,,397543,133,,639279,182
904,Calypso,3006,AUD,,full,,,,361463,399,,627507,46
905,Aladdin,1721,USD,,clearing,,,,186187,405,,732076,47
906,MySys,3047,EUR,,novation,,,59469255.273,177584,554,,195173,128
907,MX,8107,EUR,,assignment,,,,201101,524,,491519,34
908,MX,3026,CHF,,allocation,,,38152119.579,505851,172,244413,819606,56
909,MySys,7426,USD,,unwind,,,38731212.065,136945,434,920773,434434,158
910,Aladdin,4057,CNY,,amend,,,80768048.823,414776,679,695712,455683,29
911,Calypso,1554,GBP,,assignment,,,-60849142.649,271718,484,,158594,3
912,Calypso,5839,AUD,,block,,Settled,-73725558.221,148287,860,591963,585952,6
913,Aladdin,7465,EUR,,reissue,,,,538772,367,,718610,38
914,LoanIQ,8541,JPY,,novation,,,89068600.602,517165,720,465062,704281,11
915,MX,6191,CAD,,allocation,,,73974218.478,491209,694,,874832,199
916,SwapsWire,4732,AUD,,cancel_and_reissue,,,80722428.279,814588,534,727174,781441,36
917,MX,8843,USD,,partial,,,22767507.964,421092,323,783204,154760,114
918,BBG,7264,USD,,novation,,Settled,,722438,616,419242,554087,174
919,ION,2708,USD,,block,,,-53003490.277,575810,164,361069,725983,47
920,Aladdin,5843,USD,,compression,,,-83199914.040,815393,236,,412817,117
921,Calypso,7126,JPY,,step-in,,,3555953.356,694996,929,,365182,134
922,MX,2671,GBP,inception,clearing,,,-28351787.617,905733,773,732091,560705,21
923,Anvil,2510,JPY,,allocation,,Settled,-82061542.870,169348,859,763485,509465,4
924,Calypso,4217,SEK,,amend,,,77905275.984,452170,533,765860,749002,180
925,SwapsWire,8649,CAD,amendment,block,,,-29626452.621,888576,438,,313769,72
926,MX,3870,CNY,,clearing,,,11118222.155,568945,388,399912,981261,129
927,MySys,9332,EUR,,cancel,,,66925987.954,480639,227,,315389,8
928,MX,5447,AUD,,compression,,,74048675.476,915450,324,,613686,41
929,MX,5798,CAD,,novation,Cleared,Pre,-52502276.810,342306,374,897872,469345,146
930,MX,6632,EUR,,block,,,-20167235.152,425415,915,956735,816176,5
931,Anvil,8015,SEK,,cancel_and_reissue,,,-55049063.285,431934,376,205113,937554,20
932,ION,3524,SEK,,step-in,,,-12423070.067,726007,73,710548,591706,92
933,MySys,3979,CNY,,new,Cleared,,-53027319.937,211927,240,,800920,137
934,Anvil,3744,SEK,amendment,cancel_and_reissue,,,65292243.214,651762,127,,390504,117
935,BBG,5186,CNY,,allocation,,,6712506.751,316991,357,573595,602408,33
936,MX,4835,CHF,,cancel,,,,406787,158,,495394,122
937,Aladdin,3098,JPY,,step-in,Cleared,,50671107.015,601429,914,,658766,176
938,BBG,4783,CHF,,novation,,Settled,20527099.805,272204,567,,604214,148
939,MySys,3158,AUD,,compression,Cleared,Settled,38461254.375,915870,989,,155176,109
940,Anvil,1331,JPY,,reissue,,,-25633929.668,999878,721,,652349,15
941,Anvil,8347,USD,,clearing,,,-72509663.196,642403,452,719541,475828,141
942,LoanIQ,8728,CHF,,cancel,,,-7410907.840,831739,263,,269269,66
943,SwapsWire,9594,GBP,,new,,,-51751525.093,451678,215,,269904,86
944,LoanIQ,827,JPY,,assignment,,Settled,74438412.054,111743,236,,235650,111
945,MX,4975,CNY,,amend,,,,999799,397,,564463,160
946,MX,453,GBP,,allocation,Cleared,Pre,,937007,599,,405401,68
947,LoanIQ,438,CNY,inception,compression,,,-55977597.500,314666,572,,219086,92
948,MX,3026,EUR,,step-in,,,-32189316.733,265728,251,253811,352681,198
949,ION,4538,AUD,,novation,,,,827667,284,,213568,2
950,Aladdin,5679,GBP,termination,compression,,,,272348,683,553858,428720,136
951,Calypso,140,SEK,,partial,,,,522637,803,596251,308049,69
952,SwapsWire,162,CNY,,new,,,44123357.813,950234,378,466908,585153,163
953,MX,1982,CNY,,novation,Cleared,,65505744.018,896689,102,,159689,156
954,ION,3136,AUD,novation,step-in,,,-33193933.381,908051,93,433939,424042,110
955,SwapsWire,1768,USD,,block,,,-48848629.750,567177,352,,832562,99
956,Aladdin,507,EUR,,compression,,,85797446.854,309684,307,615931,626868,82
957,Anvil,6769,CHF,,block,,,49168110.326,455375,841,,943970,127
958,MX,6486,EUR,,exercise,,,-35976126.667,576957,288,,794354,71
959,Anvil,3696,GBP,,novation,,,-50706613.296,367001,575,387838,558726,112
960,MX,720,JPY,,cancel,,,3304040.989,213668,11,,837985,5
961,MX,9188,AUD,,partial,,,-18307065.207,802164,797,600863,247763,161
962,LoanIQ,8826,CHF,,full,,,-52609015.396,371470,218,,681936,59
963,Calypso,8699,JPY,,reissue,,,-29615714.505,403492,336,563344,682062,162
964,MX,3050,JPY,inception,new,,,64977836.127,286597,104,560056,448995,142
965,LoanIQ,921,GBP,,compression,,Settled,-60382868.425,198630,217,918427,898332,171
966,MX,994,CNY,,amend,,,60474531.689,470043,548,,353109,116
967,MX,7639,GBP,,reissue,,Settled,-48428589.694,268115,488,176525,274677,190
968,ION,9217,CHF,,novation,,,94749473.007,555503,428,217946,558941,116
969,MX,7286,JPY,,unwind,,,,153883,685,522535,769174,160
970,MX,5205,USD,,new,,,-72398687.370,756881,498,545521,232902,98
971,LoanIQ,6805,CNY,,cancel,,,67152291.127,397742,657,238400,179855,176
972,MySys,5601,JPY,,novation,,,37760167.993,125976,221,,493501,43
973,Anvil,4601,AUD,,cancel,,,-45509446.070,183220,469,529215,271508,67
974,MySys,9157,SEK,,reissue,,,,824875,122,,444872,104
975,ION,9907,CAD,,assignment,,,-27453352.099,846056,421,908782,353969,177
976,Calypso,5140,SEK,,step-in,,,68690725.032,653070,737,888560,412162,16
977,MX,5375,EUR,,compression,,,-78212281.586,389450,983,,401990,156
978,MX,3269,GBP,,cancel,,,-36987841.169,467902,44,853269,503144,88
979,MySys,3151,GBP,novation,allocation,,,83921436.784,656461,864,704963,758986,106
980,MySys,2187,CHF,,step-in,,,52364906.402,436926,41,,540619,5
981,MX,417,GBP,,compression,,,-22806607.452,759875,186,901190,768919,12
982,SwapsWire,143,JPY,inception,block,,,,547060,742,658308,963471,47
983,Calypso,5456,CNY,,reissue,,,-37245148.517,592421,428,,762886,94
984,ION,3423,CHF,,assignment,,,2914866.812,727403,241,827933,363256,70
985,BBG,26,SEK,,new,,,-32398666.414,210540,286,,377562,180
986,Aladdin,1556,SEK,,cancel_and_reissue,,,8953358.242,198287,1000,,699909,54
987,MX,1075,AUD,,amend,,,-98224410.514,489847,401,,587482,127
988,Aladdin,2138,SEK,,allocation,,,93255334.808,554828,925,445264,232346,88
989,BBG,4350,SEK,termination,allocation,,Pre,-98636908.090,230427,481,738276,190547,28
990,MX,8896,CNY,,cancel,Cleared,,,570574,193,871696,828470,146
991,MX,9708,CAD,,block,Cleared,,-52332008.848,650786,282,372301,461782,124
992,MX,7133,AUD,,amend,,,35374839.954,419912,707,119918,632696,143
993,Calypso,1611,CHF,,amend,,,41660453.003,376089,993,275986,310763,53
994,MX,660,SEK,,novation,,,-16503641.472,759427,213,,798822,14
995,Anvil,3937,USD,,novation,,,,633128,100,653342,927094,112
996,SwapsWire,3593,USD,,block,,,,378284,210,381017,801727,13
997,MX,3529,CHF,,reissue,,,-50257153.480,583990,139,331481,871748,143
998,SwapsWire,5578,SEK,,reissue,Cleared,,-33001092.884,139782,753,904312,882980,66
999,MX,3777,CHF,,exercise,,,,366860,517,,699271,129
